draft_m,displacement_t,lcf_m_ap,mct_tm_cm,tpc_t_cm
2.0,3658.25,68.254,129.42,20.41
2.01,3678.54,68.255,129.57,20.42
2.02,3698.86,68.257,129.71,20.43
2.03,3719.18,68.259,129.86,20.44
2.04,3739.51,68.261,130.0,20.45
2.05,3759.85,68.262,130.15,20.46
2.06,3780.21,68.264,130.29,20.48
2.07,3800.58,68.266,130.44,20.49
2.08,3820.97,68.269,130.58,20.5
2.09,3841.36,68.271,130.73,20.51
2.1,3861.78,68.274,130.88,20.52
2.11,3882.18,68.276,131.03,20.53
2.12,3902.62,68.279,131.17,20.55
2.13,3923.06,68.281,131.32,20.56
2.14,3943.51,68.284,131.46,20.57
2.15,3963.98,68.286,131.61,20.58
2.16,3984.46,68.289,131.75,20.59
2.17,4004.95,68.292,131.89,20.6
2.18,4025.45,68.294,132.04,20.61
2.19,4045.96,68.297,132.18,20.63
2.2,4066.68,68.3,132.32,20.64
2.21,4087.02,68.304,132.47,20.65
2.22,4107.58,68.307,132.61,20.66
2.23,4128.13,68.311,132.76,20.67
2.24,4148.68,68.314,132.91,20.68
2.25,4169.28,68.318,133.05,20.69
2.26,4189.87,68.322,133.2,20.7
2.27,4210.47,68.326,133.34,20.71
2.28,4231.08,68.329,133.48,20.72
2.29,4251.71,68.333,133.63,20.73
2.3,4272.34,68.337,133.77,20.74
2.31,4292.98,68.34100000000001,133.91,20.75
2.32,4313.63,68.345,134.06,20.76
2.33,4334.3,68.35,134.21,20.77
2.34,4354.96,68.355,134.36,20.78
2.35,4375.66,68.36,134.51,20.79
2.36,4396.35,68.365,134.66,20.8
2.37,4417.06,68.37,134.81,20.81
2.38,4437.78,68.375,134.96,20.82
2.39,4458.5,68.38,135.11,20.83
2.4,4479.24,68.385,135.26,20.84
2.41,4499.99,68.391,135.41,20.85
2.42,4520.75,68.398,135.57,20.86
2.43,4541.52,68.405,135.73,20.87
2.44,4562.31,68.412,135.9,20.88
2.45,4583.09,68.42,136.06,20.89
2.46,4603.9,68.427,136.22,20.9
2.47,4624.7,68.435,136.38,20.91
2.48,4645.53,68.443,136.55,20.92
2.49,4666.37,68.454,136.74,20.93
2.5,4687.22,68.466,136.94,20.95
2.51,4708.08,68.477,137.13,20.96
2.52,4728.94,68.489,137.33,20.97
2.53,4749.85,68.517,137.67,20.99
2.54,4770.76,68.538,137.94,21.0
2.55,4791.68,68.54,138.05,21.01
2.56,4812.6,68.542,138.16,21.02
2.57,4833.54,68.544,138.27,21.03
2.58,4854.47,68.546,138.38,21.04
2.59,4875.42,68.548,138.49,21.04
2.6,4896.37,68.551,138.6,21.05
2.61,4917.34,68.553,138.71,21.06
2.62,4938.31,68.555,138.82,21.07
2.63,4959.29,68.557,138.92,21.08
2.64,4980.28,68.559,139.03,21.08
2.65,5001.28,68.562,139.14,21.09
2.66,5022.28,68.564,139.24,21.1
2.67,5043.29,68.566,139.35,21.11
2.68,5064.31,68.568,139.45,21.12
2.69,5085.35,68.57,139.56,21.12
2.7,5106.39,68.573,139.66,21.13
2.71,5127.43,68.575,139.77,21.14
2.72,5148.49,68.577,139.87,21.15
2.73,5169.55,68.579,139.98,21.15
2.74,5190.62,68.582,140.08,21.16
2.75,5211.7,68.584,140.18,21.17
2.76,523279.0,68.586,140.29,21.18
2.77,5253.87,68.588,140.39,21.18
2.78,5274.98,68.591,140.49,21.19
2.79,5296.09,68.593,140.59,21.2
2.8,5317.22,68.595,140.69,21.21
2.81,5338.34,68.598,140.79,21.21
2.82,5359.47,68.6,140.89,21.22
2.83,5380.61,68.602,140.99,21.23
2.84,5401.75,68.605,141.09,21.24
2.85,5422.91,68.607,141.19,21.24
2.9,5528.8,68.62,141.67,21.28
2.95,5634.88,68.634,142.13,21.31
3.0,5741.13,68.647,142.59,21.35
3.05,5847.55,68.661,143.04,21.38
3.1,5954.14,68.675,143.48,21.41
3.15,6060.9,68.69,143.9,21.44
3.2,6167.81,68.705,144.32,21.47
3.25,6274.9,68.72,144.72,21.5
3.3,6382.12,68.734,145.13,21.53
3.35,6489.51,68.749,145.52,21.56
3.4,6597.04,68.762,145.92,21.59
3.45,6704.73,68.775,146.32,21.62
3.5,6812.57,68.787,146.71,21.65
3.55,6920.57,68.798,147.11,21.68
3.6,7028.7,68.809,147.5,21.71
3.65,7136.98,68.818,147.89,21.74
3.7,7245.41,68.827,148.29,21.77
3.75,7353.99,68.835,148.69,21.79
3.8,7462.7,68.841,149.09,21.82
3.81,7484.47,68.842,149.17,21.83
3.82,7506.23,68.844,149.25,21.83
3.83,7528.0,68.845,149.33,21.84
3.84,7549.78,68.846,149.41,21.84
3.85,7571.55,68.847,149.49,21.85
3.86,7593.34,68.848,149.57,21.85
3.87,7615.14,68.849,149.65,21.86
3.88,7636.95,68.85,149.73,21.87
3.89,7658.75,68.851,149.81,21.87
3.9,7680.57,68.852,149.89,21.88
3.91,7702.37,68.852,149.97,21.88
3.92,7724.2,68.853,150.05,21.89
3.93,7746.03,68.854,150.13,21.89
3.94,7767.86,68.855,150.21,21.9
3.95,7789.7,68.855,150.29,21.9
3.96,7811.54,68.856,150.37,21.91
3.97,7833.4,68.857,150.45,21.92
3.98,7855.25,68.857,150.53,21.92
3.99,7877.12,68.858,150.61,21.93
4.0,7898.98,68.858,150.69,21.93
4.01,7920.86,68.859,150.77,21.94
4.02,7942.74,68.859,150.86,21.94
4.03,7964.63,68.86,150.94,21.95
4.04,7986.51,68.86,151.02,21.95
4.05,8008.41,68.86,151.1,21.96
4.06,8030.3,68.861,151.18,21.96
4.07,8052.21,68.861,151.26,21.97
4.08,8074.12,68.861,151.34,21.98
4.09,8096.04,68.861,151.42,21.98
4.1,8117.96,68.862,151.5,21.99
4.11,8139.9,68.862,151.58,21.99
4.12,8161.83,68.862,151.66,22.0
4.13,8183.77,68.862,151.75,22.0
4.14,8205.72,68.862,151.83,22.01
4.15,8227.67,68.862,151.91,22.01
4.16,8249.63,68.861,151.99,22.02
4.17,8271.59,68.861,152.07,22.02
4.18,8293.56,68.861,152.15,22.03
4.19,8315.53,68.861,152.24,22.04
4.2,8337.51,68.861,152.32,22.04
4.21,8359.49,68.861,152.4,22.05
4.22,8381.48,68.86,152.48,22.05
4.23,8403.48,68.86,152.56,22.06
4.24,8425.48,68.859,152.64,22.06
4.25,8447.49,68.859,152.73,22.07
4.26,8469.5,68.858,152.81,22.07
4.27,8491.53,68.858,152.89,22.08
4.28,8513.54,68.857,152.97,22.08
4.29,8535.57,68.857,153.05,22.09
4.3,8557.61,68.856,153.13,22.09
4.31,8579.64,68.855,153.22,22.1
4.32,8601.69,68.855,153.3,22.11
4.33,8623.75,68.854,153.38,22.11
4.34,8645.8,68.853,153.46,22.12
4.35,8667.84,68.852,153.54,22.12
4.36,8689.93,68.853,153.62,22.13
4.37,8712.0,68.851,153.71,22.13
4.38,8734.08,68.85,153.79,22.14
4.39,8756.16,68.849,153.87,22.14
4.4,8778.25,68.848,153.95,22.15
4.41,8800.35,68.847,154.03,22.15
4.42,8822.45,68.846,154.12,22.16
4.43,8844.55,68.845,154.2,22.16
4.44,8866.66,68.844,154.28,22.17
4.45,8888.78,68.843,154.36,22.17
4.46,8910.89,68.842,154.44,22.18
4.47,8933.03,68.84,154.53,22.18
4.48,8955.16,68.839,154.61,22.19
4.49,8977.3,68.838,154.69,22.2
4.5,8999.44,68.837,154.77,22.2
4.51,9021.59,68.835,154.86,22.21
4.52,9043.74,68.834,154.94,22.21
4.53,9065.9,68.833,155.02,22.22
4.54,9088.07,68.831,155.11,22.22
4.55,9110.23,68.83,155.19,22.23
4.56,9132.43,68.828,155.27,22.23
4.57,9154.6,68.827,155.36,22.24
4.58,9176.78,68.825,155.44,22.24
4.59,9198.97,68.824,155.52,22.25
4.6,9221.17,68.822,155.6,22.25
4.61,9243.38,68.82,155.69,22.26
4.62,9265.58,68.819,155.77,22.26
4.63,9287.8,68.817,155.85,22.27
4.64,9310.02,68.815,155.94,22.28
4.65,9332.25,68.813,156.02,22.28
4.66,9354.47,68.811,156.1,22.29
4.67,9376.71,68.809,156.19,22.29
4.68,9398.95,68.807,156.27,22.3
4.69,9421.19,68.805,156.35,22.3
4.7,9443.45,68.803,156.44,22.31
4.71,9465.69,68.801,156.52,22.31
4.72,9487.96,68.799,156.6,22.32
4.73,9510.23,68.797,156.69,22.32
4.74,9532.5,68.795,156.77,22.33
4.75,9554.77,68.793,156.85,22.33
4.76,9577.07,68.79,156.94,22.34
4.77,9599.36,68.788,157.02,22.34
4.78,9621.65,68.786,157.11,22.35
4.79,9643.95,68.783,157.19,22.35
4.8,9666.26,68.781,157.28,22.36
4.81,9688.56,68.779,157.36,22.37
4.82,9710.88,68.776,157.45,22.37
4.83,9733.21,68.774,157.53,22.38
4.84,9755.53,68.771,157.62,22.38
4.85,9777.87,68.769,157.7,22.39
4.86,9800.21,68.766,157.79,22.39
4.87,9822.54,68.763,157.87,22.4
4.88,9844.89,68.761,157.96,22.4
4.89,9867.25,68.758,158.04,22.41
4.9,9889.62,68.755,158.13,22.41
4.91,9911.98,68.753,158.21,22.42
4.92,9934.35,68.75,158.3,22.42
4.93,9956.73,68.747,158.39,22.43
4.94,9979.11,68.744,158.47,22.43
4.95,10001.5,68.741,158.56,22.44
4.96,10023.89,68.738,158.65,22.45
4.97,10046.29,68.735,158.73,22.45
4.98,10068.69,68.732,158.82,22.46
4.99,10091.1,68.729,158.9,22.46
5.0,10113.52,68.726,158.99,22.47
5.01,10135.93,68.723,159.07,22.47
5.02,10158.35,68.72,159.16,22.48
5.03,10180.79,68.716,159.25,22.48
5.04,10203.22,68.713,159.33,22.49
5.05,10225.67,68.71,159.42,22.49
5.06,10248.11,68.706,159.5,22.5
5.07,10270.56,68.703,159.59,22.5
5.08,10293.02,68.7,159.68,22.51
5.09,10315.48,68.696,159.76,22.51
5.1,10337.97,68.693,159.85,22.52
5.11,10360.43,68.689,159.94,22.53
5.12,10382.91,68.686,160.03,22.53
5.13,10405.39,68.682,160.11,22.54
5.14,10427.87,68.679,160.2,22.54
5.15,10450.38,68.675,160.29,22.55
5.16,10472.88,68.671,160.38,22.55
5.17,10495.39,68.668,160.47,22.56
5.18,10517.9,68.664,160.56,22.56
5.19,10540.42,68.66,160.64,22.57
5.2,10562.94,68.656,160.73,22.57
5.21,10585.47,68.652,160.82,22.58
5.22,10608.0,68.649,160.91,22.58
5.23,10630.54,68.645,161.0,22.59
5.24,10653.09,68.641,161.09,22.6
5.25,10675.64,68.637,161.18,22.6
5.26,10698.2,68.633,161.27,22.61
5.27,10720.74,68.628,161.36,22.61
5.28,10743.33,68.624,161.45,22.62
5.29,10765.9,68.62,161.54,22.62
5.3,10788.47,68.616,161.63,22.63
5.31,10811.06,68.611,161.72,22.63
5.32,10833.65,68.607,161.81,22.64
5.33,10856.24,68.603,161.9,22.64
5.34,10878.84,68.598,161.99,22.65
5.35,10901.45,68.594,162.08,22.66
5.36,10924.05,68.589,162.17,22.66
5.37,10946.68,68.585,162.26,22.67
5.38,10969.3,68.58,162.35,22.67
5.39,10991.92,68.576,162.44,22.68
5.4,11014.56,68.571,162.53,22.68
5.41,11037.21,68.566,162.62,22.69
5.42,11059.84,68.561,162.71,22.69
5.43,11082.49,68.557,162.8,22.7
5.44,11105.15,68.552,162.89,22.7
5.45,11127.81,68.547,162.99,22.71
5.46,11150.48,68.542,163.08,22.72
5.47,11173.15,68.537,163.17,22.72
5.48,11195.83,68.532,163.26,22.73
5.49,11218.51,68.527,163.35,22.73
5.5,11241.2,68.522,163.45,22.74
5.51,11263.91,68.517,163.54,22.74
5.52,11286.6,68.512,163.63,22.75
5.53,11309.3,68.507,163.73,22.75
5.54,11332.01,68.502,163.82,22.76
5.55,11354.73,68.496,163.91,22.77
5.56,11377.46,68.491,164.01,22.77
5.57,11400.19,68.486,164.1,22.78
5.58,11422.92,68.48,164.2,22.78
5.59,11445.66,68.475,164.29,22.79
5.6,11468.41,68.469,164.38,22.79
5.61,11491.17,68.464,164.48,22.8
5.62,11513.92,68.458,164.57,22.8
5.63,11536.68,68.452,164.67,22.81
5.64,11559.45,68.447,164.76,22.82
5.65,11582.23,68.441,164.86,22.82
5.66,11605.0,68.435,164.96,22.83
5.67,11627.79,68.429,165.05,22.83
5.68,11650.59,68.423,165.15,22.84
5.69,11673.38,68.417,165.24,22.84
5.7,11696.18,68.411,165.34,22.85
5.71,11719.0,68.405,165.44,22.86
5.72,11741.81,68.399,165.53,22.86
5.73,11764.63,68.393,165.63,22.87
5.74,11787.46,68.387,165.73,22.87
5.75,11810.29,68.38,165.83,22.88
5.76,11833.13,68.374,165.92,22.88
5.77,11855.97,68.368,166.02,22.89
5.78,11878.82,68.361,166.12,22.9
5.79,11901.67,68.355,166.22,22.9
5.8,11924.54,68.349,166.32,22.91
5.81,11947.39,68.342,166.41,22.91
5.82,11970.27,68.335,166.51,22.92
5.83,11993.15,68.329,166.61,22.92
5.84,12016.04,68.322,166.71,22.93
5.85,12038.93,68.315,166.81,22.94
5.86,12061.83,68.309,166.91,22.94
5.87,12084.73,68.302,167.01,22.95
5.88,12107.64,68.295,167.11,22.95
5.89,12130.54,68.288,167.21,22.96
5.9,12153.46,68.281,167.31,22.97
5.91,12176.39,68.274,167.41,22.97
5.92,12199.32,68.267,167.51,22.98
5.93,12222.27,68.26,167.61,22.98
5.94,12245.21,68.253,167.71,22.99
5.95,12268.16,68.245,167.81,22.99
5.96,12291.11,68.238,167.92,23.0
5.97,12314.08,68.231,168.02,23.01
5.98,12337.04,68.223,168.12,23.01
5.99,12360.03,68.216,168.22,23.02
6.0,12382.99,68.208,168.33,23.02
6.01,12405.98,68.2,168.43,23.03
6.02,12428.97,68.193,168.53,23.04
6.03,12451.97,68.185,168.64,23.04
6.04,12474.98,68.177,168.74,23.05
6.05,12497.99,68.169,168.85,23.05
6.06,12521.0,68.161,168.96,23.06
6.07,12544.02,68.153,169.06,23.07
6.08,12567.05,68.145,169.17,23.07
6.09,12590.09,68.137,169.28,23.08
6.1,12613.13,68.129,169.39,23.08
6.11,12636.18,68.12,169.5,23.09
6.12,12659.23,68.112,169.61,23.1
6.13,12682.29,68.103,169.72,23.1
6.14,12705.36,68.095,169.83,23.11
6.15,12728.43,68.086,169.94,23.12
6.16,12751.51,68.077,170.05,23.12
6.17,12774.59,68.068,170.16,23.13
6.18,12797.69,68.059,170.28,23.14
6.19,12820.78,68.051,170.39,23.14
6.2,12843.89,68.042,170.5,23.15
6.21,12867.0,68.032,170.62,23.15
6.22,12890.12,68.023,170.73,23.16
6.23,12913.24,68.014,170.85,23.17
6.24,12936.35,68.005,170.96,23.17
6.25,12959.51,67.995,171.08,23.18
6.26,12982.65,67.986,171.19,23.19
6.27,13005.8,67.976,171.31,23.19
6.28,13028.96,67.967,171.42,23.2
6.29,13052.12,67.957,171.54,23.21
6.3,13075.29,67.947,171.66,23.21
6.31,13098.47,67.938,171.78,23.22
6.32,13121.65,67.928,171.9,23.23
6.33,13144.84,67.918,172.02,23.23
6.34,13168.02,67.908,172.14,23.24
6.35,13191.24,67.898,172.26,23.24
6.36,13214.45,67.887,172.38,23.25
6.37,13237.66,67.877,172.51,23.26
6.38,13260.89,67.867,172.63,23.27
6.39,13284.11,67.856,172.76,23.27
6.4,13307.35,67.845,172.89,23.28
6.41,13330.6,67.834,173.02,23.29
6.42,13353.85,67.823,173.15,23.29
6.43,13377.11,67.813,173.28,23.3
6.44,13400.38,67.802,173.41,23.31
6.45,13423.64,67.791,173.54,23.31
6.46,13446.92,67.779,173.67,23.32
6.47,13470.21,67.768,173.8,23.33
6.48,13493.51,67.757,173.94,23.33
6.49,13516.81,67.746,174.07,23.34
6.5,13540.11,67.734,174.2,23.35
6.51,13563.43,67.723,174.34,23.36
6.52,13586.76,67.711,174.47,23.36
6.53,13610.08,67.699,174.61,23.37
6.54,13633.4,67.687,174.75,23.38
6.55,13656.76,67.675,174.88,23.38
6.56,13680.11,67.663,175.02,23.39
6.57,13703.47,67.651,175.16,23.4
6.58,13726.83,67.638,175.3,23.41
6.59,13750.21,67.625,175.44,23.41
6.6,13773.59,67.613,175.59,23.42
6.61,13796.98,67.6,175.73,23.43
6.62,13820.38,67.587,175.88,23.44
6.63,13843.78,67.574,176.02,23.44
6.64,13867.2,67.561,176.17,23.45
6.65,13890.61,67.547,176.32,23.46
6.66,13914.04,67.534,176.46,23.47
6.67,13937.46,67.521,176.61,23.47
6.68,13960.91,67.507,176.77,23.48
6.69,13984.38,67.493,176.92,23.49
6.7,14007.81,67.48,177.07,23.5
6.71,14031.3,67.466,177.23,23.51
6.72,14054.76,67.452,177.38,23.51
6.73,14078.26,67.438,177.54,23.52
6.75,14125.24,67.409,177.86,23.54
6.76,14148.75,67.395,178.02,23.55
6.77,14172.26,67.38,178.18,23.55
6.78,14195.78,67.366,178.34,23.56
6.79,14219.31,67.351,178.5,23.57
6.8,14242.85,67.337,178.66,23.58
6.81,14266.4,67.322,178.83,23.59
6.82,14289.95,67.307,178.99,23.59
6.83,14313.51,67.292,179.16,23.6
6.84,14337.08,67.276,179.33,23.61
6.85,14360.67,67.261,179.5,23.62
6.86,14384.26,67.245,179.67,23.63
6.87,14407.85,67.23,179.84,23.64
6.88,14431.46,67.214,180.01,23.64
6.89,14455.08,67.198,180.18,23.65
6.9,14478.7,67.182,180.35,23.66
6.91,14502.32,67.166,180.53,23.67
6.92,14525.96,67.149,180.7,23.68
6.93,14549.62,67.133,180.88,23.69
6.94,14573.28,67.116,181.06,23.7
6.95,14596.95,67.1,181.23,23.7
6.96,14620.62,67.083,181.41,23.71
6.97,14644.3,67.066,181.59,23.72
6.98,14668.0,67.049,181.77,23.73
6.99,14691.71,67.032,181.96,23.74
7.0,14715.41,67.015,182.14,23.75
7.01,14739.14,66.997,182.33,23.76
7.02,14762.86,66.98,182.51,23.77
7.03,14786.6,66.962,182.7,23.78
7.04,14810.35,66.945,182.88,23.78
7.05,14834.1,66.927,183.07,23.79
7.06,14857.86,66.909,183.26,23.8
7.07,14881.64,66.891,183.45,23.81
7.08,14905.41,66.873,183.65,23.82
7.09,14929.22,66.855,183.84,23.83
7.1,14953.02,66.836,184.04,23.84
7.11,14976.83,66.818,184.24,23.85
7.12,15000.66,66.8,184.43,23.86
7.13,15024.49,66.781,184.63,23.87
7.14,15048.33,66.763,184.83,23.88
7.15,15072.18,66.744,185.04,23.89
7.16,15096.04,66.725,185.24,23.9
7.17,15119.9,66.706,185.44,23.91
7.18,15143.78,66.687,185.65,23.92
7.19,15167.67,66.668,185.86,23.93
7.2,15191.57,66.649,186.06,23.94
7.21,15215.48,66.629,186.28,23.94
7.22,15239.4,66.61,186.49,23.95
7.23,15263.33,66.591,186.7,23.96
7.24,15287.26,66.571,186.92,23.97
7.25,15311.21,66.552,187.13,23.98
7.26,15335.17,66.532,187.35,23.99
7.27,15359.14,66.512,187.57,24.0
7.28,15383.11,66.493,187.8,24.01
7.29,15407.1,66.473,188.02,24.03
7.3,15431.11,66.453,188.25,24.04
7.31,15455.11,66.433,188.48,24.05
7.32,15479.12,66.413,188.71,24.06
7.33,15503.16,66.392,188.94,24.07
7.34,15527.21,66.372,189.17,24.08
7.35,15551.25,66.352,189.4,24.09
7.36,15575.31,66.332,189.64,24.1
7.37,15599.39,66.311,189.88,24.11
7.39,15647.56,66.27,190.37,24.13
7.4,15671.68,66.249,190.61,24.14
7.41,15695.79,66.229,190.86,24.15
7.42,15719.92,66.208,191.11,24.16
7.43,15744.05,66.188,191.36,24.17
7.44,15768.2,66.167,191.62,24.19
7.45,15792.36,66.147,191.88,24.2
7.46,15816.54,66.126,192.14,24.21
7.47,15840.73,66.105,192.4,24.22
7.48,15864.92,66.084,192.67,24.23
7.49,15889.12,66.063,192.93,24.24
7.5,15913.34,66.043,193.2,24.25
7.51,15937.57,66.022,193.47,24.27
7.52,15961.81,66.001,193.74,24.28
7.53,15986.06,65.979,194.01,24.29
7.54,16010.33,65.958,194.29,24.3
7.55,16034.61,65.937,194.56,24.31
7.56,16058.9,65.916,194.84,24.32
7.57,16083.19,65.895,195.12,24.34
7.58,16107.51,65.874,195.4,24.35
7.59,16131.82,65.853,195.69,24.36
7.6,16156.17,65.833,195.97,24.37
7.61,16180.51,65.812,196.25,24.38
7.62,16204.87,65.792,196.53,24.4
7.63,16229.25,65.772,196.82,24.41
7.64,16253.63,65.752,197.1,24.42
7.65,16278.03,65.732,197.39,24.43
7.66,16302.44,65.712,197.67,24.44
7.67,16326.85,65.692,197.96,24.46
7.68,16351.29,65.672,198.24,24.47
7.69,16375.73,65.653,198.52,24.48
7.7,16400.18,65.634,198.81,24.49
7.71,16424.65,65.614,199.09,24.5
7.72,16449.13,65.595,199.38,24.52
7.73,16473.62,65.576,199.66,24.53
7.74,16498.13,65.557,199.94,24.54
7.75,16522.65,65.539,200.23,24.55
7.76,16547.18,65.52,200.51,24.56
7.77,16571.71,65.501,200.79,24.58
7.78,16596.26,65.483,201.08,24.59
7.79,16620.82,65.465,201.36,24.6
7.8,16645.4,65.446,201.64,24.61
7.81,16669.99,65.429,201.93,24.62
7.82,16694.59,65.411,202.21,24.64
7.83,16719.2,65.393,202.49,24.65
7.84,16743.82,65.375,202.77,24.66
7.85,16768.46,65.358,203.06,24.67
7.86,16793.09,65.34,203.34,24.68
7.87,16817.75,65.323,203.62,24.7
7.88,16842.43,65.306,203.9,24.71
7.89,16867.12,65.289,204.19,24.72
7.9,16891.81,65.272,204.46,24.73
7.91,16916.53,65.255,204.75,24.74
7.92,16941.23,65.238,205.02,24.75
7.93,16965.96,65.222,205.3,24.77
7.94,16990.71,65.205,205.58,24.78
7.95,17015.46,65.189,205.86,24.79
7.96,17040.22,65.173,206.14,24.8
7.97,17065.0,65.156,206.42,24.81
7.98,17089.79,65.14,206.7,24.83
7.99,17114.59,65.124,206.98,24.84
8.0,17139.42,65.109,207.26,24.85
8.01,17164.23,65.093,207.54,24.86
8.02,17189.06,65.078,207.81,24.87
8.03,17213.9,65.062,208.09,24.88
8.04,17238.78,65.047,208.37,24.9
8.05,17263.64,65.032,208.64,24.91
8.06,17288.53,65.017,208.92,24.92
8.07,17313.42,65.002,209.19,24.93
8.08,17338.32,64.987,209.47,24.94
8.09,17363.24,64.973,209.74,24.95
8.1,17388.17,64.958,210.02,24.97
8.11,17413.12,64.944,210.29,24.98
8.12,17438.06,64.929,210.57,24.99
8.13,17463.03,64.915,210.84,25.0
8.14,17488.0,64.901,211.12,25.01
8.15,17512.99,64.888,211.39,25.02
8.16,17537.99,64.874,211.66,25.03
8.17,17563.0,64.86,211.94,25.05
8.18,17588.02,64.847,212.21,25.06
8.19,17613.05,64.833,212.48,25.07
8.2,17638.1,64.82,212.75,25.08
8.21,17663.15,64.807,213.02,25.09
8.22,17688.22,64.793,213.29,25.1
8.23,17713.3,64.78,213.56,25.11
8.24,17738.39,64.767,213.82,25.13
8.25,17763.48,64.754,214.09,25.14
8.26,17788.6,64.742,214.36,25.15
8.27,17813.72,64.729,214.62,25.16
8.28,17838.85,64.716,214.89,25.17
8.29,17864.0,64.704,215.16,25.18
8.3,17889.16,64.691,215.42,25.19
8.31,17914.33,64.679,215.68,25.21
8.32,17939.51,64.667,215.95,25.22
8.33,17964.71,64.655,216.21,25.23
8.34,17989.9,64.643,216.48,25.24
8.35,18015.12,64.631,216.74,25.25
8.36,18040.34,64.62,217.0,25.26
8.37,18065.57,64.608,217.26,25.27
8.38,18090.82,64.597,217.52,25.28
8.39,18116.08,64.585,217.78,25.29
8.4,18141.34,64.574,218.04,25.3
8.41,18166.63,64.563,218.3,25.32
8.42,18191.93,64.552,218.56,25.33
8.43,18217.22,64.541,218.82,25.34
8.44,18242.53,64.53,219.08,25.35
8.45,18267.85,64.52,219.34,25.36
8.46,18293.19,64.509,219.6,25.37
8.47,18318.53,64.499,219.86,25.38
8.48,18343.88,64.488,220.12,25.39
8.49,18369.25,64.478,220.37,25.4
8.5,18394.63,64.468,220.63,25.41
8.51,18420.02,64.458,220.88,25.42
8.52,18445.43,64.448,221.14,25.44
8.53,18470.83,64.438,221.39,25.45
8.54,18496.24,64.428,221.65,25.46
8.55,18521.67,64.418,221.9,25.47
8.56,18547.12,64.408,222.15,25.48
8.57,18572.59,64.399,222.4,25.49
8.58,18598.04,64.389,222.65,25.5
8.59,18623.51,64.38,222.91,25.51
8.6,18649.0,64.37,223.16,25.52
8.61,18674.49,64.361,223.41,25.53
8.62,18700.01,64.352,223.66,25.54
8.63,18725.52,64.343,223.91,25.55
8.64,18751.04,64.334,224.16,25.56
8.65,18776.6,64.325,224.4,25.57
8.66,18802.13,64.316,224.65,25.58
8.67,18827.69,64.308,224.9,25.6
8.68,18853.26,64.299,225.15,25.61
8.69,18878.84,64.29,225.4,25.62
8.7,18904.43,64.282,225.64,25.63
8.71,18930.03,64.274,225.89,25.64
8.72,18955.63,64.266,226.14,25.65
8.73,18981.26,64.257,226.39,25.66
8.74,19006.89,64.249,226.63,25.67
8.75,19032.52,64.241,226.88,25.68
8.76,19058.19,64.233,227.13,25.69
8.77,19083.85,64.225,227.37,25.7
8.78,19109.51,64.218,227.62,25.71
8.79,19135.21,64.21,227.86,25.72
8.8,19160.9,64.202,228.11,25.73
8.81,19186.6,64.195,228.35,25.74
8.82,19212.33,64.187,228.6,25.75
8.83,19238.04,64.18,228.84,25.76
8.84,19263.78,64.172,229.09,25.77
8.85,19289.53,64.165,229.33,25.78
8.86,19315.28,64.158,229.57,25.79
8.87,19341.04,64.15,229.81,25.8
8.88,19366.83,64.143,230.06,25.81
8.89,19392.61,64.136,230.3,25.82
8.9,19418.4,64.129,230.54,25.83
8.91,19444.21,64.122,230.78,25.84
8.92,19470.03,64.115,231.02,25.85
8.93,19495.86,64.108,231.26,25.86
8.94,19521.69,64.102,231.5,25.87
8.95,19547.54,64.095,231.74,25.88
8.96,19573.39,64.088,231.99,25.89
8.97,19599.26,64.082,232.23,25.9
8.98,19625.14,64.075,232.47,25.91
8.99,19651.03,64.069,232.71,25.92
9.0,19676.93,64.063,232.95,25.93
9.01,19702.84,64.057,233.19,25.94
9.02,19728.76,64.05,233.43,25.95
9.03,19754.68,64.044,233.67,25.96
9.04,19780.62,64.038,233.91,25.97
9.05,19806.57,64.032,234.15,25.98
9.06,19832.52,64.026,234.39,25.99
9.07,19858.49,64.02,234.63,26.0
9.08,19884.47,64.014,234.86,26.01
9.09,19910.46,64.009,235.1,26.02
9.1,19936.47,64.003,235.34,26.03
9.11,19962.45,63.997,235.58,26.04
9.12,19988.48,63.991,235.82,26.05
9.13,20014.51,63.986,236.06,26.06
9.14,20040.55,63.98,236.29,26.07
9.15,20066.59,63.975,236.53,26.08
9.16,20092.66,63.969,236.77,26.09
9.17,20118.72,63.964,237.0,26.1
9.18,20144.81,63.958,237.24,26.11
9.19,20170.88,63.953,237.48,26.12
9.2,20196.99,63.948,237.71,26.13
9.21,20223.09,63.943,237.95,26.14
9.22,20249.21,63.938,238.19,26.15
9.23,20275.34,63.933,238.42,26.16
9.24,20301.46,63.928,238.66,26.17
9.25,20327.61,63.923,238.9,26.18
9.26,20353.77,63.918,239.13,26.19
9.27,20379.94,63.913,239.37,26.2
9.28,20406.11,63.908,239.61,26.21
9.29,20432.29,63.904,239.84,26.22
9.3,20458.49,63.899,240.08,26.23
9.31,20484.7,63.894,240.32,26.24
9.32,20510.92,63.89,240.55,26.25
9.33,20537.14,63.885,240.79,26.26
9.34,20563.38,63.881,241.02,26.27
9.35,20589.61,63.876,241.26,26.28
9.36,20615.87,63.872,241.5,26.29
9.37,20642.14,63.867,241.73,26.3
9.38,20668.41,63.863,241.97,26.31
9.39,20694.68,63.859,242.2,26.32
9.4,20720.99,63.855,242.44,26.33
9.41,20747.29,63.85,242.67,26.34
9.42,20773.61,63.846,242.91,26.35
9.43,20799.92,63.842,243.14,26.36
9.44,20826.25,63.838,243.38,26.37
9.45,20852.59,63.834,243.61,26.38
9.46,20878.95,63.83,243.85,26.39
9.47,20905.31,63.826,244.08,26.4
9.48,20931.68,63.822,244.32,26.41
9.49,20958.06,63.818,244.55,26.42
9.5,20984.45,63.814,244.79,26.43
9.51,21010.85,63.811,245.02,26.43
9.52,21037.26,63.807,245.26,26.44
9.53,21063.66,63.803,245.49,26.45
9.54,21090.11,63.8,245.73,26.46
9.55,21116.54,63.796,245.96,26.47
9.56,21142.99,63.793,246.19,26.48
9.57,21169.45,63.789,246.43,26.49
9.58,21195.92,63.786,246.66,26.5
9.59,21222.39,63.783,246.9,26.51
9.6,21248.88,63.779,247.13,26.52
9.61,21275.37,63.776,247.37,26.53
9.62,21301.88,63.773,247.6,26.54
9.63,21328.4,63.769,247.83,26.55
9.64,21354.92,63.766,248.07,26.56
9.65,21381.46,63.763,248.3,26.57
9.66,21408.0,63.76,248.53,26.58
9.67,21434.56,63.757,248.77,26.59
9.68,21461.12,63.754,249.0,26.6
9.69,21487.69,63.751,249.24,26.61
9.7,21514.27,63.748,249.47,26.62
9.71,21540.86,63.745,249.7,26.63
9.72,21567.46,63.742,249.94,26.64
9.73,21594.07,63.739,250.17,26.64
9.74,21620.69,63.736,250.4,26.65
9.75,21647.32,63.733,250.64,26.66
9.76,21674.15,63.731,250.87,26.67
9.77,21700.61,63.728,251.11,26.68
9.78,21727.26,63.725,251.34,26.69
9.79,21753.92,63.723,251.57,26.7
9.8,21780.61,63.72,251.81,26.71
9.81,21807.29,63.718,252.04,26.72
9.82,21833.99,63.715,252.28,26.73
9.83,21860.68,63.713,252.51,26.74
9.84,21887.41,63.711,252.74,26.75
9.85,21914.13,63.708,252.98,26.76
9.86,21940.86,63.706,253.21,26.77
9.87,21967.6,63.704,253.44,26.78
9.88,21994.36,63.701,253.68,26.79
9.89,22021.11,63.699,253.91,26.8
9.9,22047.89,63.697,254.14,26.81
9.91,22074.68,63.695,254.38,26.81
9.92,22101.46,63.693,254.61,26.82
9.93,22128.24,63.691,254.84,26.83
9.94,22155.07,63.689,255.07,26.84
9.95,22181.9,63.687,255.31,26.85
9.96,22208.72,63.685,255.54,26.86
9.97,22235.55,63.683,255.77,26.87
9.98,22262.4,63.681,256.01,26.88
9.99,22289.25,63.679,256.24,26.89
10.0,22316.12,63.678,256.47,26.9
